Article Page,Date of Publication,Number of Events
/2014/04/25/no-mans-land/,2014-04-25,21
/2014/02/25/house-republicans-take-vine-social-media-and-political-discourse/,2014-02-25,18
/2013/12/06/instagram-featuring-dictators/,2013-12-06,16
/2013/11/26/thick-blurred-lines-plagiarism/,2013-11-26,13
/2014/06/02/a-wall-around-hyde-park/,2014-06-02,11
/2014/01/31/panda-diplomacy/,2014-01-31,9
/2014/02/28/chiraq-an-unbalanced-portrayal-of-drill-music/,2014-02-28,9
/2013/12/01/jon-favreau-the-voice-behind-a-generational-voice/,2013-12-01,8
/2013/11/15/malaysian-court-minorities-allah/,2013-11-15,6
/2014/01/28/years-after-mooc/,2014-01-28,6
/2014/03/10/in-putins-shoes/,2014-03-10,6
/2014/04/14/riding-with-strangers-regulating-ride-sharing-in-chicago-and-illinois/,2014-04-14,6
/2013/09/30/inside-the-debate-on-healthcare/,2013-09-30,5
/2013/11/05/migrants-marooned-italian-immigration-crisis/,2013-11-05,5
/2014/01/16/cracks-in-the-basin-part-1-illinois-a-national-model/,2014-01-16,5
/2014/01/21/coming-soon-uchicago-political-union/,2014-01-21,5
/2014/02/06/cracks-in-the-basin-part-3-the-whole-county-is-fracked/,2014-02-06,5
/2014/04/06/mandatory-minimums-cooperation-on-reform/,2014-04-06,5
/2013/10/16/debt-ceiling-debacle/,2013-10-16,4
/2013/10/22/foreign-media-on-us-shutdown/,2013-10-22,4
/2013/11/19/healthcare-reform-today-and-tomorrow/,2013-11-19,4
/2013/11/21/raise-scores-then-wages/,2013-11-21,4
/2013/12/05/who-are-the-indian-mujahideen/,2013-12-05,4
/2013/12/17/six-blind-reformers-and-an-elephant/,2013-12-17,4
/2014/02/13/china-invests-in-africa/,2014-02-13,4
/2014/03/17/fighting-words/,2014-03-17,4
/2013/06/24/kerrys-push-for-peace/,2013-06-24,3
/2013/11/10/patrolling-the-worlds-most-complicated-frontier/,2013-11-10,3
/2013/11/14/syria-and-sectarianism-spillover-violence-in-lebanon/,2013-11-14,3
/2013/11/15/superfood-to-the-rescue/,2013-11-15,3
/2013/11/20/proposed-bike-tax-chicago/,2013-11-20,3
/2013/11/22/years-in-the-making-is-hollywood-finally-ready-to-talk-seriously-about-slavery/,2013-11-22,3
/2014/01/13/why-insurance-part-1-health/,2014-01-13,3
/2014/01/31/anti-gay-law-in-nigeria/,2014-01-31,3
/2014/03/10/fixing-the-big-ms/,2014-03-10,3
/2014/03/25/a-chicagoan-reviews-chicagoland-episode-2/,2014-03-25,3
/2014/04/21/closing-the-gap/,2014-04-21,3
/2013/10/22/dear-mr-putin-can-i-call-you-vlad/,2013-10-22,2
/2013/10/22/russian-pols-instagram/,2013-10-22,2
/2013/10/29/gravity-movie-and-science/,2013-10-29,2
/2013/10/29/republicans-illinois-gubernatorial-race/,2013-10-29,2
/2013/10/31/wendy-davis-texas/,2013-10-31,2
/2013/11/13/a-big-stuff-moment/,2013-11-13,2
/2013/11/14/the-captain-has-the-con-fact-and-fiction-in-captain-phillips/,2013-11-14,2
/2013/11/25/illinois-without-career-politicians/,2013-11-25,2
/2013/11/28/demarcating-chinas-imaginary-valleys/,2013-11-28,2
/2013/12/02/the-unconquered/,2013-12-02,2
/2013/12/20/rohingya-refugees-trapped-between-arakan-and-a-hard-place/,2013-12-20,2
/2014/01/27/why-insurance-part-2-access/,2014-01-27,2
/2014/02/10/mayor-emanuel-gets-schooled/,2014-02-10,2
/2014/02/25/saving-more-than-kenneth-bae-us-foreign-policy-in-north-korea/,2014-02-25,2
/2014/02/28/shelby-county-v-holder-a-setback-for-liberal-voting-rights-activists/,2014-02-28,2
/2014/03/19/a-chigoan-reviews-chicagoland-episode-1/,2014-03-19,2
/2014/04/07/de-blasios-education-promises/,2014-04-07,2
/2014/04/13/1109/,2014-04-13,2
/2013/06/17/a-system-in-rags/,2013-06-17,1
/2013/06/20/bike-sharing-expands-in-the-windy-city/,2013-06-20,1
/2013/07/15/vladimir-zhirinovsky-a-profile-in-outrage/,2013-07-15,1
/2013/07/20/fracking-in-california/,2013-07-20,1
/2013/08/05/politically-incorrect-maroon-confessions/,2013-08-05,1
/2013/10/22/turkey-reforms-of-self-interest/,2013-10-22,1
/2013/10/30/is-le-pen-mightier/,2013-10-30,1
/2013/11/18/feinstein-stands-by-the-nsa/,2013-11-18,1
/2013/11/20/election-violence-in-the-philippines/,2013-11-20,1
/2013/11/28/suriname-and-hezbollah/,2013-11-28,1
/2013/11/29/nazi-looted-art-finally-uncovered/,2013-11-29,1
/2013/12/04/turkey-one-step-forward-two-steps-back/,2013-12-04,1
/2013/12/10/race-to-mars/,2013-12-10,1
/2013/12/13/the-old-the-young-and-the-inter-generational-transfer-of-wealth/,2013-12-13,1
/2013/12/17/google-it/,2013-12-17,1
/2014/02/06/illinois-state-of-the-state-governor-quinn-unofficially-kicks-off-his-campaign/,2014-02-06,1
/2014/02/18/private-lives-public-figures-the-politics-of-frances-first-lady/,2014-02-18,1
/2014/02/24/pop-culture-podcast-episode-1/,2014-02-24,1
/2014/03/29/a-chicagoan-reviews-chicagoland-episode-3/,2014-03-29,1
/2014/04/04/legacy-of-the-2012-2013-supreme-court/,2014-04-04,1
/2014/04/06/a-chicagoan-reviews-chicagoland-episode-4/,2014-04-06,1
/2014/04/21/new-ceos-controversial-resignation-from-mozilla-corporation/,2014-04-21,1
/2014/04/29/incentivizing-education-performance-based-compensation-for-teachers/,2014-04-29,1
/2014/05/11/1204/,2014-05-11,1
/2014/05/11/a-chicagoan-reviews-chicagoland-episode-8/,2014-05-11,1
/2014/05/12/to-build-a-future/,2014-05-12,1
